CreditScore,Geography,Gender,Age,Tenure,Balance,NumOfProducts,HasCrCard,IsActiveMember,EstimatedSalary,Exited,IQR_outlier_count,IQR_flag,ZScore_outlier_count,ZScore_flag,IF_flag,IF_anomaly_score,MAHA_dist2,MAHA_flag,LOF_flag,LOF_score,UNI_flag,MV_flag,UniMV_Segment,Max_Abs_Z,HighBal_Churn_flag,DBSCAN_flag,Composite_Anomaly_Score,Anomaly_Class
376,Germany,Female,29,4,115046.74,4,1,0,119346.88,1,1,1,0,0,1,-0.6329197578855613,37.03717687013007,1,1,1.4114932762994834,1,1,Both families,4.246376675934418,0,1,3,C: Risk Signal — Density Outlier + Churned
511,Spain,Female,66,4,0.0,1,1,0,1643.11,1,1,1,0,0,1,-0.6062728708135356,17.216528663067496,0,1,1.2172974833160604,1,1,Both families,2.5820035997279875,0,1,3,C: Risk Signal — Disengaged Single-Product Churn
652,Spain,Female,75,10,0.0,2,1,1,114675.75,0,1,1,1,1,1,-0.5789697192563489,22.49892972771523,1,1,1.214437855561762,1,1,Both families,3.440185916039703,0,0,3,B: Rare Valid — Statistically Unusual Pattern
681,France,Female,79,0,0.0,2,0,1,170968.99,0,1,1,1,1,1,-0.6039230580318179,28.06780330929134,1,0,1.094359579353013,1,1,Both families,3.8216002788449095,0,1,4,B: Rare Valid — Statistically Unusual Pattern
652,France,Female,80,4,0.0,2,1,1,188603.07,0,1,1,1,1,1,-0.5690177691330929,27.09401413600926,1,0,1.097248097914276,1,1,Both families,3.916953869546211,0,0,3,B: Rare Valid — Statistically Unusual Pattern
640,Germany,Female,75,1,106307.91,2,0,1,113428.77,0,1,1,1,1,1,-0.5668313687347603,21.2765090253758,0,0,1.0995069120595562,1,1,Both families,3.440185916039703,0,1,4,B: Rare Valid — Statistically Unusual Pattern
560,France,Female,66,9,0.0,1,1,1,15928.49,0,1,1,0,0,1,-0.5834936146090944,17.20553832036508,0,0,1.2055857448059801,1,1,Both families,2.5820035997279875,0,1,3,B: Rare Valid — Statistically Unusual Pattern
850,Spain,Female,70,5,0.0,1,1,1,705.18,0,1,1,0,0,1,-0.6355848571457264,22.634483611932545,1,1,1.3357828878723472,1,1,Both families,2.9634179625331942,0,1,3,B: Rare Valid — Statistically Unusual Pattern
687,France,Female,72,9,0.0,1,0,1,69829.4,0,1,1,1,1,1,-0.5704748119059125,19.442053908813186,0,1,1.2252528904009716,1,1,Both families,3.1541251439357976,0,1,4,B: Rare Valid — Statistically Unusual Pattern
700,France,Female,82,2,0.0,2,0,1,182055.36,0,1,1,1,1,1,-0.5779120853038796,30.136754702778962,1,0,1.0855210366141108,1,1,Both families,4.107661050948814,0,1,4,B: Rare Valid — Statistically Unusual Pattern
529,Spain,Male,63,4,96134.11,3,1,0,108732.96,1,1,1,0,0,1,-0.5904555994151915,21.31915948362549,0,0,1.0732886968686783,1,1,Both families,2.52705661927622,0,1,3,C: Risk Signal — Density Outlier + Churned
650,Spain,Male,71,0,0.0,1,1,1,175380.77,0,1,1,1,1,1,-0.6095935466445284,21.089119653618614,0,1,1.2360882052946929,1,1,Both families,3.058771553234496,0,1,4,B: Rare Valid — Statistically Unusual Pattern
714,France,Female,72,3,0.0,1,1,1,86733.61,0,1,1,1,1,1,-0.5641378695741119,18.141009886550613,0,0,1.175480774406099,1,1,Both families,3.1541251439357976,0,1,4,B: Rare Valid — Statistically Unusual Pattern
545,Spain,Female,74,3,0.0,2,1,1,161326.73,0,1,1,1,1,1,-0.5774495191871675,21.346550321687364,0,0,1.047053363436606,1,1,Both families,3.344832325338401,0,0,3,B: Rare Valid — Statistically Unusual Pattern
363,Spain,Female,28,6,146098.43,3,1,0,100615.14,1,1,1,0,0,1,-0.6140239981381572,22.983134904733863,1,1,1.8345957278173866,1,1,Both families,2.9749960040508707,1,1,3,C: Risk Signal — High-Balance Pre-Churn
780,France,Male,76,10,121313.88,1,0,1,64872.33,0,1,1,1,1,1,-0.5932258431906131,23.17091652226759,1,0,1.1342388507045282,1,1,Both families,3.5355395067410043,0,1,4,B: Rare Valid — Statistically Unusual Pattern
523,France,Female,73,7,0.0,2,0,0,130883.9,1,1,1,1,1,1,-0.5732744401815393,20.084387212702413,0,0,1.077164296459762,1,1,Both families,3.2494787346370995,0,1,4,C: Risk Signal — Density Outlier + Churned
850,France,Male,66,4,0.0,2,0,1,64350.8,0,1,1,0,0,1,-0.5742310081568113,16.80530537790171,0,1,1.2267992591872543,1,1,Both families,2.5820035997279875,0,1,3,B: Rare Valid — Statistically Unusual Pattern
641,France,Male,77,9,0.0,3,1,1,81514.06,0,1,1,1,1,1,-0.6204408676485567,31.339052760922673,1,1,1.4756666546751696,1,1,Both families,3.630893097442306,0,1,4,B: Rare Valid — Statistically Unusual Pattern
350,Spain,Male,54,1,152677.48,1,1,1,191973.49,1,1,1,1,1,1,-0.5842838690475953,18.123422408503515,0,1,1.682063823720144,1,1,Both families,3.1095040882937757,1,1,4,C: Risk Signal — High-Balance Pre-Churn
697,Germany,Female,74,3,108071.36,2,1,1,16445.79,0,1,1,1,1,1,-0.5844964708436572,21.11690671148043,0,0,1.1558653184248913,1,1,Both families,3.344832325338401,0,1,4,B: Rare Valid — Statistically Unusual Pattern
350,Germany,Male,39,0,109733.2,2,0,0,123602.11,1,1,1,1,1,1,-0.5652251571277682,14.403006948838172,0,1,1.418840370342838,1,1,Both families,3.1095040882937757,0,1,4,C: Risk Signal — Density Outlier + Churned
559,France,Female,70,9,0.0,1,1,1,122996.76,0,1,1,0,0,1,-0.587271420530567,18.42245742678382,0,1,1.2907286800433804,1,1,Both families,2.9634179625331942,0,1,3,B: Rare Valid — Statistically Unusual Pattern
796,Spain,Male,67,5,0.0,2,0,1,54871.02,0,1,1,0,0,1,-0.5618164436944008,15.647666009028507,0,0,1.127240462363838,1,1,Both families,2.6773571904292894,0,1,3,B: Rare Valid — Statistically Unusual Pattern
358,Spain,Female,52,8,143542.36,3,1,0,141959.11,1,1,1,1,1,1,-0.6111946159689555,27.279600448476053,1,1,1.5492367508253309,1,1,Both families,3.026729882605834,1,1,4,C: Risk Signal — High-Balance Pre-Churn
601,France,Male,74,2,0.0,2,0,1,51554.58,0,1,1,1,1,1,-0.5681561561673252,20.366723746975232,0,0,1.0623042868360977,1,1,Both families,3.344832325338401,0,0,3,B: Rare Valid — Statistically Unusual Pattern
841,France,Male,74,9,108131.53,1,0,1,60830.38,0,1,1,1,1,1,-0.5975057311821437,22.377132018483564,0,0,1.1335343940999298,1,1,Both families,3.344832325338401,0,1,4,B: Rare Valid — Statistically Unusual Pattern
850,France,Male,63,8,169832.57,1,0,0,184107.26,1,1,1,0,0,1,-0.5971137852218632,16.972503527743193,0,1,1.2416908312085595,1,1,Both families,2.2959428276240823,1,1,3,C: Risk Signal — High-Balance Pre-Churn
531,Spain,Male,70,1,0.0,2,0,0,99503.19,0,1,1,0,0,1,-0.5787861510070812,18.365567554835057,0,0,1.0771690139531542,1,1,Both families,2.9634179625331942,0,1,3,B: Rare Valid — Statistically Unusual Pattern
593,Germany,Male,74,5,161434.36,2,1,1,65532.17,0,1,1,1,1,1,-0.5780895070426133,21.66593473472445,0,0,1.139069948186468,1,1,Both families,3.344832325338401,0,1,4,B: Rare Valid — Statistically Unusual Pattern
606,Germany,Male,65,10,126306.64,3,0,0,7861.68,1,1,1,0,0,1,-0.6322213524187039,28.40565458584959,1,1,1.4241272632969084,1,1,Both families,2.52705661927622,0,1,3,C: Risk Signal — Density Outlier + Churned
767,Spain,Male,77,8,149083.7,1,1,1,190146.83,0,1,1,1,1,1,-0.595253505063659,24.6241896070878,1,0,1.1829229868895461,1,1,Both families,3.630893097442306,0,1,4,B: Rare Valid — Statistically Unusual Pattern
580,France,Female,65,9,106804.26,3,1,0,107890.69,1,1,1,0,0,1,-0.5963747785208063,24.016795800942234,1,0,1.2072489852671393,1,1,Both families,2.52705661927622,0,1,3,C: Risk Signal — Density Outlier + Churned
513,Spain,Male,88,10,0.0,2,1,1,52952.24,0,1,1,1,1,1,-0.6223438088708849,38.933056944104685,1,1,1.5971396318947544,1,1,Both families,4.679782595156625,0,1,4,B: Rare Valid — Statistically Unusual Pattern
351,Germany,Female,57,4,163146.46,1,1,0,169621.69,1,1,1,1,1,1,-0.5708861171942993,16.88990153894262,0,1,1.455222139338792,1,1,Both families,3.0991573125827827,1,1,4,C: Risk Signal — High-Balance Pre-Churn
727,Spain,Male,71,8,0.0,1,1,1,198446.91,1,1,1,1,1,1,-0.5929955386872247,21.198060816255747,0,1,1.3349417980944132,1,1,Both families,3.058771553234496,0,1,4,C: Risk Signal — Density Outlier + Churned
598,France,Female,64,9,0.0,1,0,1,13181.37,1,1,1,0,0,1,-0.5680747380746702,15.545223783850378,0,0,1.1440032208414457,1,1,Both families,2.391296418325384,0,1,3,C: Risk Signal — Density Outlier + Churned
597,Germany,Female,72,6,124978.19,2,1,1,7144.46,0,1,1,1,1,1,-0.5786075241281373,20.21372362057502,0,0,1.1577712096354045,1,1,Both families,3.1541251439357976,0,1,4,B: Rare Valid — Statistically Unusual Pattern
604,Spain,Female,71,10,0.0,2,1,1,129984.2,0,1,1,1,1,1,-0.5872686185080843,19.364570870685487,0,0,1.1467440937813664,1,1,Both families,3.058771553234496,0,0,3,B: Rare Valid — Statistically Unusual Pattern
710,Spain,Female,75,5,0.0,2,1,1,9376.89,0,1,1,1,1,1,-0.5834652331004317,22.100785402548723,0,0,1.1437480533507007,1,1,Both families,3.440185916039703,0,0,3,B: Rare Valid — Statistically Unusual Pattern
498,France,Male,73,2,170241.7,2,1,1,165407.96,0,1,1,1,1,1,-0.6117320069172945,25.377101792411292,1,1,1.3184157055503936,1,1,Both families,3.2494787346370995,0,1,4,B: Rare Valid — Statistically Unusual Pattern
494,France,Male,69,9,93320.8,1,1,1,24489.44,0,1,1,0,0,1,-0.5958128089941264,17.90057173220637,0,0,1.1613661250947653,1,1,Both families,2.868064371831893,0,1,3,B: Rare Valid — Statistically Unusual Pattern
717,France,Female,76,9,138489.66,1,1,1,68400.14,0,1,1,1,1,1,-0.564617853399245,21.001573705436762,0,0,1.06450706103285,1,1,Both families,3.5355395067410043,0,0,3,B: Rare Valid — Statistically Unusual Pattern
787,France,Female,85,10,0.0,2,1,1,116537.96,0,1,1,1,1,1,-0.6120922593716079,35.176915400091545,1,1,1.4084139875205386,1,1,Both families,4.3937218230527195,0,1,4,B: Rare Valid — Statistically Unusual Pattern
546,Germany,Female,74,8,114888.74,2,1,1,66732.63,1,1,1,1,1,1,-0.5738537234783839,21.27178657834186,0,0,1.1510515913012624,1,1,Both families,3.344832325338401,0,1,4,C: Risk Signal — Senior High-Value Departure
697,France,Female,76,7,0.0,2,0,1,188772.45,0,1,1,1,1,1,-0.5685541162159387,23.66679691884032,1,0,1.1226757174104447,1,1,Both families,3.5355395067410043,0,1,4,B: Rare Valid — Statistically Unusual Pattern
513,Spain,Male,72,3,98903.06,1,1,1,81251.24,0,1,1,1,1,1,-0.5633685106280472,16.647550012443382,0,0,1.1558302741729214,1,1,Both families,3.1541251439357976,0,0,3,B: Rare Valid — Statistically Unusual Pattern
779,France,Male,71,3,0.0,2,1,1,146895.36,1,1,1,1,1,1,-0.5658348586782527,18.99489570214933,0,0,1.0709335265299822,1,1,Both families,3.058771553234496,0,0,3,B: Rare Valid — Statistically Unusual Pattern
537,Germany,Male,84,8,92242.34,1,1,1,186235.98,0,1,1,1,1,1,-0.5854227528890374,30.57797296917471,1,1,1.4102532879707301,1,1,Both families,4.298368232351418,0,1,4,B: Rare Valid — Statistically Unusual Pattern
581,France,Male,71,4,0.0,2,1,1,197562.08,0,1,1,1,1,1,-0.5718273487598494,19.516650251654834,0,0,1.0693041739597073,1,1,Both families,3.058771553234496,0,0,3,B: Rare Valid — Statistically Unusual Pattern
456,France,Female,63,1,165350.61,2,0,0,140758.07,1,1,1,0,0,1,-0.6012952532016019,19.01233346354699,0,1,1.2667447700887517,1,1,Both families,2.2959428276240823,1,1,3,C: Risk Signal — High-Balance Pre-Churn
617,France,Male,74,10,0.0,2,1,1,53949.98,0,1,1,1,1,1,-0.5885605183814925,22.105219119898514,0,1,1.2665187431345255,1,1,Both families,3.344832325338401,0,0,3,B: Rare Valid — Statistically Unusual Pattern
849,France,Male,69,7,71996.09,1,1,1,139065.94,0,1,1,0,0,1,-0.5962479700120359,17.574692768149003,0,1,1.2282059465386441,1,1,Both families,2.868064371831893,0,1,3,B: Rare Valid — Statistically Unusual Pattern
408,France,Female,84,8,87873.39,1,0,0,188484.52,1,1,1,1,1,1,-0.6182534430547016,35.3204660590608,1,1,1.7498021467406044,1,1,Both families,4.298368232351418,0,1,4,C: Risk Signal — Disengaged Single-Product Churn
667,Spain,Male,77,2,0.0,1,1,1,34702.92,0,1,1,1,1,1,-0.5801498617241992,23.613060225212926,1,1,1.237150105776124,1,1,Both families,3.630893097442306,0,1,4,B: Rare Valid — Statistically Unusual Pattern
732,France,Male,79,10,61811.23,1,1,1,104222.8,0,1,1,1,1,1,-0.5931371536067509,24.863573060989637,1,0,1.1981795476970318,1,1,Both families,3.8216002788449095,0,1,4,B: Rare Valid — Statistically Unusual Pattern
590,France,Female,76,5,160979.68,1,0,1,13848.58,0,1,1,1,1,1,-0.5838564170414955,21.220930345840145,0,1,1.2170411015864304,1,1,Both families,3.5355395067410043,0,1,4,B: Rare Valid — Statistically Unusual Pattern
504,France,Female,73,8,0.0,1,1,1,34595.58,0,1,1,1,1,1,-0.6029316246835564,22.147601318343565,0,1,1.2862363880955034,1,1,Both families,3.2494787346370995,0,1,4,B: Rare Valid — Statistically Unusual Pattern
774,France,Male,76,4,112510.89,1,1,1,143133.18,0,1,1,1,1,1,-0.5727853562586911,20.312322602608806,0,0,1.1337750299322,1,1,Both families,3.5355395067410043,0,0,3,B: Rare Valid — Statistically Unusual Pattern
743,France,Male,71,0,0.0,2,0,1,29837.65,0,1,1,1,1,1,-0.6022238140257183,21.052010497294177,0,0,1.1394190702391715,1,1,Both families,3.058771553234496,0,1,4,B: Rare Valid — Statistically Unusual Pattern
809,Spain,Male,80,8,0.0,2,0,1,34164.05,0,1,1,1,1,1,-0.6028385660607279,29.412105398001433,1,1,1.328163619254256,1,1,Both families,3.916953869546211,0,1,4,B: Rare Valid — Statistically Unusual Pattern
749,Germany,Male,66,6,182532.23,2,1,1,195429.92,0,1,1,0,0,1,-0.5868018723769566,19.826129697994798,0,1,1.3038615827698146,1,1,Both families,2.5820035997279875,0,1,3,B: Rare Valid — Statistically Unusual Pattern
652,France,Female,74,5,0.0,2,1,1,937.15,0,1,1,1,1,1,-0.5880768923674097,21.205682789914746,0,0,1.163511404853825,1,1,Both families,3.344832325338401,0,0,3,B: Rare Valid — Statistically Unusual Pattern
793,Spain,Male,63,0,0.0,2,0,1,27166.75,0,1,1,0,0,1,-0.59737282992344,16.56074276803206,0,0,1.1363970149270028,1,1,Both families,2.2959428276240823,0,1,3,B: Rare Valid — Statistically Unusual Pattern
596,Spain,Female,76,9,134208.25,1,1,1,13455.43,0,1,1,1,1,1,-0.5866695331710661,22.421068152737,0,0,1.1829657302330985,1,1,Both families,3.5355395067410043,0,0,3,B: Rare Valid — Statistically Unusual Pattern
562,France,Male,75,5,87140.85,1,1,1,39351.64,0,1,1,1,1,1,-0.5625943149035625,18.58325965660914,0,0,1.1661993165894047,1,1,Both families,3.440185916039703,0,0,3,B: Rare Valid — Statistically Unusual Pattern
673,Germany,Female,77,10,76510.52,2,0,1,59595.66,0,1,1,1,1,1,-0.5947438294678034,24.163385636150437,1,1,1.306164697344824,1,1,Both families,3.630893097442306,0,1,4,B: Rare Valid — Statistically Unusual Pattern
708,Spain,Female,64,5,0.0,3,0,1,112520.07,1,1,1,0,0,1,-0.5748568905008169,18.55575872656183,0,1,1.2105132519472437,1,1,Both families,2.52705661927622,0,1,3,C: Risk Signal — Density Outlier + Churned
757,France,Female,71,0,88084.13,2,1,1,154337.47,0,1,1,1,1,1,-0.6024895061157548,20.45227257251065,0,0,1.131090598623235,1,1,Both families,3.058771553234496,0,1,4,B: Rare Valid — Statistically Unusual Pattern
672,Germany,Male,68,0,126061.51,2,1,1,184936.77,0,1,1,0,0,1,-0.5955582997070671,19.28430933661932,0,0,1.1415245024277865,1,1,Both families,2.772710781130591,0,1,3,B: Rare Valid — Statistically Unusual Pattern
850,Germany,Female,70,1,96947.58,3,1,0,62282.99,1,1,1,0,0,1,-0.6548047810280244,31.27485166220469,1,1,1.4536685612474338,1,1,Both families,2.9634179625331942,0,1,3,C: Risk Signal — Density Outlier + Churned
512,France,Female,75,2,0.0,1,1,0,123304.62,0,1,1,1,1,1,-0.6021507374433507,22.72717386483551,1,1,1.265006368928703,1,1,Both families,3.440185916039703,0,1,4,B: Rare Valid — Statistically Unusual Pattern
705,Germany,Female,64,3,153469.26,3,0,0,146573.66,1,1,1,0,0,1,-0.5985004925130902,25.431776771503475,1,0,1.1259314638511642,1,1,Both families,2.52705661927622,1,1,3,C: Risk Signal — High-Balance Pre-Churn
635,France,Female,78,6,47536.4,1,1,1,119400.08,0,1,1,1,1,0,-0.5613753442456626,20.74312136124904,0,0,1.1072328042701027,1,0,Univariate only,3.7262466881436076,0,1,3,B: Rare Valid — Statistically Unusual Pattern
712,Spain,Male,74,5,0.0,2,0,0,151425.82,0,1,1,1,1,0,-0.5556233599460741,19.916713455178595,0,0,1.0355969601591617,1,0,Univariate only,3.344832325338401,0,1,3,B: Rare Valid — Statistically Unusual Pattern
823,France,Male,71,5,149105.08,1,0,1,162683.06,0,1,1,1,1,1,-0.5829170543899622,18.768954613341595,0,0,1.1496694368973017,1,1,Both families,3.058771553234496,0,1,4,B: Rare Valid — Statistically Unusual Pattern
775,Germany,Female,77,6,135120.56,1,1,0,37836.64,0,1,1,1,1,1,-0.5704202604330191,22.00103085930393,0,0,1.069666171697317,1,1,Both families,3.630893097442306,0,0,3,B: Rare Valid — Statistically Unusual Pattern
617,France,Female,79,7,0.0,1,1,1,160589.18,0,1,1,1,1,1,-0.5738151018066289,25.26103445031694,1,1,1.2705250124375607,1,1,Both families,3.8216002788449095,0,1,4,B: Rare Valid — Statistically Unusual Pattern
491,Germany,Male,70,6,148745.92,2,1,1,17818.33,0,1,1,0,0,1,-0.6058300851126031,21.500462635670473,0,1,1.3107385111329717,1,1,Both families,2.9634179625331942,0,1,3,B: Rare Valid — Statistically Unusual Pattern
834,Germany,Female,68,9,130169.27,2,0,1,93112.2,0,1,1,0,0,1,-0.5846787073374702,19.8627067000068,0,1,1.2409511697053306,1,1,Both families,2.772710781130591,0,1,3,B: Rare Valid — Statistically Unusual Pattern
439,France,Female,66,9,0.0,1,1,0,65535.56,0,1,1,0,0,1,-0.5975208107216268,19.240648627443,0,1,1.3214611073132754,1,1,Both families,2.5820035997279875,0,1,3,B: Rare Valid — Statistically Unusual Pattern
717,Germany,Female,64,10,98362.35,2,1,1,21630.21,0,1,1,0,0,1,-0.5654645225769943,15.61668033639701,0,1,1.2761233837538672,1,1,Both families,2.391296418325384,0,1,3,B: Rare Valid — Statistically Unusual Pattern
762,Spain,Female,69,9,183744.98,1,1,1,196993.69,0,1,1,0,0,1,-0.6251855419890102,20.266494202800533,0,0,1.2000846705878954,1,1,Both families,2.868064371831893,0,1,3,B: Rare Valid — Statistically Unusual Pattern
804,France,Female,71,8,0.0,2,0,1,147995.96,0,1,1,1,1,1,-0.5796912782969375,20.33655731846641,0,0,1.1873354638562819,1,1,Both families,3.058771553234496,0,1,4,B: Rare Valid — Statistically Unusual Pattern
662,Spain,Female,72,7,140301.72,1,0,1,179258.67,0,1,1,1,1,1,-0.5624724236929165,17.35874737218889,0,0,1.116521306637156,1,1,Both families,3.1541251439357976,0,0,3,B: Rare Valid — Statistically Unusual Pattern
645,France,Female,68,9,0.0,4,1,1,176353.87,1,1,1,0,0,1,-0.655602917283464,40.43266659405763,1,1,1.3321029180088644,1,1,Both families,4.246376675934418,0,1,3,C: Risk Signal — Density Outlier + Churned
799,France,Female,63,1,110314.21,2,1,0,37464.0,1,1,1,0,0,1,-0.573001614073625,15.316585671923676,0,0,1.144009066753723,1,1,Both families,2.2959428276240823,0,1,3,C: Risk Signal — Density Outlier + Churned
543,France,Female,71,1,104308.77,1,1,1,25650.04,0,1,1,1,1,1,-0.5728962264297026,17.815623976807956,0,0,1.1597272916091714,1,1,Both families,3.058771553234496,0,0,3,B: Rare Valid — Statistically Unusual Pattern
783,France,Female,72,5,121215.9,2,1,1,105206.48,0,1,1,1,1,1,-0.5637065653674698,19.149822902594273,0,0,1.1442266474000313,1,1,Both families,3.1541251439357976,0,1,4,B: Rare Valid — Statistically Unusual Pattern
642,France,Male,72,1,160541.0,2,1,1,142223.94,0,1,1,1,1,1,-0.5770149759415119,21.53281978563578,0,0,1.0994324295131375,1,1,Both families,3.1541251439357976,0,0,3,B: Rare Valid — Statistically Unusual Pattern
531,Germany,Female,64,2,175754.87,2,1,1,60721.4,0,1,1,0,0,1,-0.5803541948113953,17.00098610191968,0,1,1.2375220632893036,1,1,Both families,2.391296418325384,0,1,3,B: Rare Valid — Statistically Unusual Pattern
655,Spain,Female,78,2,0.0,2,0,1,188435.38,0,1,1,1,1,1,-0.5808369145272146,25.946736974575465,1,0,1.0423928678068477,1,1,Both families,3.7262466881436076,0,1,4,B: Rare Valid — Statistically Unusual Pattern
656,France,Female,75,3,0.0,2,1,1,1276.87,0,1,1,1,1,1,-0.5978200919819433,22.53649100758746,1,0,1.085846362074247,1,1,Both families,3.440185916039703,0,0,3,B: Rare Valid — Statistically Unusual Pattern
743,France,Female,73,6,0.0,2,0,1,107867.38,0,1,1,1,1,0,-0.5457277415277295,18.81292658002735,0,0,1.0597421966951968,1,0,Univariate only,3.2494787346370995,0,1,3,B: Rare Valid — Statistically Unusual Pattern
613,Germany,Male,69,9,78778.49,1,0,1,8751.59,0,1,1,0,0,1,-0.5781721782178547,16.450313486897077,0,0,1.0940405050969322,1,1,Both families,2.868064371831893,0,1,3,B: Rare Valid — Statistically Unusual Pattern
612,Germany,Male,76,6,96166.88,1,1,1,191393.26,0,1,1,1,1,1,-0.5632295172037832,20.698008260380142,0,0,1.1946862313481406,1,1,Both families,3.5355395067410043,0,1,4,B: Rare Valid — Statistically Unusual Pattern
593,Germany,Male,69,2,187013.13,2,0,1,105898.69,0,1,1,0,0,1,-0.5847956260049254,19.876306740598825,0,0,1.112463845844517,1,1,Both families,2.868064371831893,0,1,3,B: Rare Valid — Statistically Unusual Pattern
627,France,Male,73,0,146329.73,1,0,1,43615.67,0,1,1,1,1,1,-0.5901149700255899,19.367024065109742,0,0,1.2084708839447627,1,1,Both families,3.2494787346370995,0,0,3,B: Rare Valid — Statistically Unusual Pattern
769,France,Female,73,1,0.0,1,1,1,29792.11,0,1,1,1,1,1,-0.601657585020987,22.64986020855076,1,1,1.237379011234035,1,1,Both families,3.2494787346370995,0,1,4,B: Rare Valid — Statistically Unusual Pattern
592,France,Male,71,4,0.0,2,0,1,17013.54,0,1,1,1,1,1,-0.5657237259494932,18.200436072629667,0,0,1.0967280738626406,1,1,Both families,3.058771553234496,0,0,3,B: Rare Valid — Statistically Unusual Pattern
602,France,Female,72,3,0.0,2,1,1,171260.66,0,1,1,1,1,1,-0.5625571946480405,19.12288414546941,0,0,1.0281714996334796,1,1,Both families,3.1541251439357976,0,0,3,B: Rare Valid — Statistically Unusual Pattern
753,France,Male,92,3,121513.31,1,0,1,195563.99,0,1,1,1,1,1,-0.5889373571159074,40.1976969928052,1,1,1.6022843499027577,1,1,Both families,5.0611969579618314,0,1,4,A: Data Error
803,France,Female,65,2,151659.52,2,0,1,6930.17,0,1,1,0,0,1,-0.6132201671564448,19.1213675243476,0,1,1.228187775646322,1,1,Both families,2.4866500090266856,0,1,3,B: Rare Valid — Statistically Unusual Pattern
511,Germany,Female,75,9,105609.17,1,0,1,105425.18,0,1,1,1,1,1,-0.5743401507380318,20.773194380374715,0,1,1.2676916796108153,1,1,Both families,3.440185916039703,0,1,4,B: Rare Valid — Statistically Unusual Pattern
756,France,Male,67,4,0.0,3,1,1,93081.87,0,1,1,0,0,1,-0.6051742088489167,21.67852554110542,0,1,1.2821985318312583,1,1,Both families,2.6773571904292894,0,1,3,B: Rare Valid — Statistically Unusual Pattern
576,Germany,Female,71,6,140273.47,1,1,1,193135.25,1,1,1,1,1,1,-0.5696048978478795,17.396131878093353,0,0,1.1153059989623997,1,1,Both families,3.058771553234496,1,0,3,C: Risk Signal — High-Balance Pre-Churn
847,France,Male,66,7,123760.68,1,0,1,53157.16,0,1,1,0,0,1,-0.5698710933619043,15.378123083714431,0,0,1.1159570349993309,1,1,Both families,2.5820035997279875,0,1,3,B: Rare Valid — Statistically Unusual Pattern
850,Germany,Female,66,0,127120.62,1,0,1,118929.64,1,1,1,0,0,1,-0.6008542132454828,17.361982628730182,0,1,1.2210855204996502,1,1,Both families,2.5820035997279875,0,1,3,C: Risk Signal — Senior High-Value Departure
808,Spain,Female,67,10,124577.15,1,0,1,169894.4,0,1,1,0,0,1,-0.5933286007194672,18.003264385353933,0,0,1.1484438347062877,1,1,Both families,2.6773571904292894,0,1,3,B: Rare Valid — Statistically Unusual Pattern
824,Germany,Male,77,3,27517.15,2,0,1,2746.41,0,1,1,1,1,1,-0.6355259500792473,27.012626924939802,1,1,1.2898489093083092,1,1,Both families,3.630893097442306,0,1,4,B: Rare Valid — Statistically Unusual Pattern
705,France,Male,92,1,126076.24,2,1,1,34436.83,0,1,1,1,1,1,-0.598580681345997,42.58136801077709,1,1,1.6368130111541859,1,1,Both families,5.0611969579618314,0,1,4,A: Data Error
718,France,Female,67,7,0.0,3,1,1,82782.08,0,1,1,0,0,1,-0.5925727045738229,21.378477157673018,0,1,1.3238842334018723,1,1,Both families,2.6773571904292894,0,1,3,B: Rare Valid — Statistically Unusual Pattern
818,Germany,Female,72,8,135290.42,2,1,1,63729.72,0,1,1,1,1,1,-0.5971540324515027,22.279449151314164,0,1,1.2343352882225114,1,1,Both families,3.1541251439357976,0,1,4,B: Rare Valid — Statistically Unusual Pattern
624,France,Female,71,4,170252.05,3,1,1,73679.59,1,1,1,1,1,1,-0.619413576491898,31.45796766277894,1,1,1.2295097651538454,1,1,Both families,3.058771553234496,1,1,4,C: Risk Signal — High-Balance Pre-Churn
580,Germany,Male,76,2,130334.84,2,1,1,51672.08,0,1,1,1,1,1,-0.5767939172539557,23.288837019245022,1,0,1.1139884978234584,1,1,Both families,3.5355395067410043,0,1,4,B: Rare Valid — Statistically Unusual Pattern
763,France,Male,67,1,149436.73,2,0,1,106282.74,0,1,1,0,0,1,-0.5720190543312682,17.69724589438979,0,0,1.1434562350773034,1,1,Both families,2.6773571904292894,0,1,3,B: Rare Valid — Statistically Unusual Pattern
430,Germany,Female,66,6,135392.31,2,1,1,172852.06,1,1,1,0,0,1,-0.5793540829958418,19.94505269576824,0,1,1.2768470922012285,1,1,Both families,2.5820035997279875,1,1,3,C: Risk Signal — High-Balance Pre-Churn
806,France,Female,67,1,0.0,2,0,1,103945.58,0,1,1,0,0,1,-0.5741299418984386,17.31634455137843,0,0,1.100491493032309,1,1,Both families,2.6773571904292894,0,1,3,B: Rare Valid — Statistically Unusual Pattern
799,France,Male,70,8,70416.75,1,1,1,36483.52,0,1,1,0,0,1,-0.584219555333558,17.6410016807805,0,0,1.1608409521752707,1,1,Both families,2.9634179625331942,0,1,3,B: Rare Valid — Statistically Unusual Pattern
653,France,Female,74,0,121276.32,1,1,1,160348.31,0,1,1,1,1,1,-0.595737607085554,20.123584496146027,0,1,1.224626121793246,1,1,Both families,3.344832325338401,0,1,4,B: Rare Valid — Statistically Unusual Pattern
491,France,Female,72,6,91285.22,1,1,1,7032.95,0,1,1,1,1,1,-0.5977293822804397,19.29686592326098,0,1,1.244264105716962,1,1,Both families,3.1541251439357976,0,1,4,B: Rare Valid — Statistically Unusual Pattern
639,France,Male,77,6,80926.02,2,1,1,55829.25,0,1,1,1,1,0,-0.5560392258868992,21.40117086768938,0,0,1.0842473462094475,1,0,Univariate only,3.630893097442306,0,1,3,B: Rare Valid — Statistically Unusual Pattern
814,Spain,Female,72,2,0.0,2,0,1,130853.03,0,1,1,1,1,1,-0.5875822576683435,21.114832508944218,0,0,1.1248505399282882,1,1,Both families,3.1541251439357976,0,1,4,B: Rare Valid — Statistically Unusual Pattern
850,France,Female,81,1,0.0,2,1,1,59568.24,0,1,1,1,1,1,-0.6165169791872402,32.04906170588046,1,1,1.3430468395839796,1,1,Both families,4.012307460247513,0,1,4,B: Rare Valid — Statistically Unusual Pattern
636,Spain,Male,76,9,126534.6,1,1,1,39789.62,0,1,1,1,1,1,-0.56395042268889,20.95470545040984,0,0,1.1093141437469196,1,1,Both families,3.5355395067410043,0,0,3,B: Rare Valid — Statistically Unusual Pattern
634,Germany,Male,74,5,108891.7,1,1,0,10078.02,0,1,1,1,1,1,-0.5672479499981631,18.23326695686432,0,0,1.1012389574074273,1,1,Both families,3.344832325338401,0,1,4,B: Rare Valid — Statistically Unusual Pattern
666,Germany,Male,71,1,53013.29,2,1,1,112222.64,0,1,1,1,1,1,-0.5630058505631877,17.03523364436082,0,0,1.0877344647590415,1,1,Both families,3.058771553234496,0,0,3,B: Rare Valid — Statistically Unusual Pattern
736,France,Female,63,10,0.0,2,0,1,502.7,0,1,1,0,0,1,-0.5920358840914226,16.514790442580434,0,1,1.407162185906181,1,1,Both families,2.2959428276240823,0,1,3,B: Rare Valid — Statistically Unusual Pattern
551,Spain,Male,76,2,128410.71,2,1,1,181718.73,0,1,1,1,1,1,-0.5933369488003742,25.216164493137804,1,1,1.2505161019560165,1,1,Both families,3.5355395067410043,0,1,4,B: Rare Valid — Statistically Unusual Pattern
850,France,Male,81,5,0.0,2,1,1,44827.47,0,1,1,1,1,1,-0.6107635226663612,30.625880005004753,1,1,1.3354524689311038,1,1,Both families,4.012307460247513,0,1,4,B: Rare Valid — Statistically Unusual Pattern
683,France,Female,73,8,137732.23,2,1,1,133210.44,0,1,1,1,1,1,-0.5679886153153069,20.428745089434642,0,0,1.131375149977073,1,1,Both families,3.2494787346370995,0,1,4,B: Rare Valid — Statistically Unusual Pattern
770,France,Female,68,2,183555.24,1,0,0,159557.28,1,1,1,0,0,1,-0.6017964311547477,16.98178232089783,0,0,1.1502996900418927,1,1,Both families,2.772710781130591,1,1,3,C: Risk Signal — High-Balance Pre-Churn
434,Germany,Male,71,9,119496.87,1,1,0,125848.88,0,1,1,1,1,1,-0.5990379670688125,20.55216822382282,0,1,1.3151910134615732,1,1,Both families,3.058771553234496,0,1,4,B: Rare Valid — Statistically Unusual Pattern
605,Germany,Male,75,2,61319.63,1,0,1,186655.11,0,1,1,1,1,1,-0.5936021803088313,20.8729437617908,0,0,1.1723834004799834,1,1,Both families,3.440185916039703,0,1,4,B: Rare Valid — Statistically Unusual Pattern
850,France,Female,71,4,0.0,2,1,1,107236.87,0,1,1,1,1,1,-0.5880664073824887,20.417807672,0,0,1.1663788903366235,1,1,Both families,3.058771553234496,0,1,4,B: Rare Valid — Statistically Unusual Pattern
720,France,Male,71,5,183135.39,2,1,1,197688.5,0,1,1,1,1,1,-0.6069739690475334,23.252813301830344,1,1,1.276770621206465,1,1,Both families,3.058771553234496,0,1,4,B: Rare Valid — Statistically Unusual Pattern
615,France,Male,64,0,81564.1,2,0,1,35896.09,0,1,1,0,0,1,-0.5719557039937063,14.133895626846765,0,0,1.1259591289466457,1,1,Both families,2.391296418325384,0,1,3,B: Rare Valid — Statistically Unusual Pattern
606,France,Female,71,8,0.0,2,1,1,169741.96,0,1,1,1,1,1,-0.5655252228340699,18.730842043941685,0,0,1.0324114084317983,1,1,Both families,3.058771553234496,0,0,3,B: Rare Valid — Statistically Unusual Pattern
542,France,Male,67,10,129431.36,1,0,1,21343.74,0,1,1,0,0,1,-0.5779678622748151,16.73346621430123,0,0,1.1351341701130706,1,1,Both families,2.6773571904292894,0,1,3,B: Rare Valid — Statistically Unusual Pattern
516,Spain,Female,65,9,102541.1,1,1,0,181490.42,0,1,1,0,0,1,-0.565164964778329,15.021800089833375,0,0,1.1232797861654018,1,1,Both families,2.4866500090266856,0,1,3,B: Rare Valid — Statistically Unusual Pattern
350,France,Male,51,10,0.0,1,1,1,125823.79,1,1,1,1,1,1,-0.5999307448840893,17.666263756115487,0,1,1.3413555760116034,1,1,Both families,3.1095040882937757,0,1,4,C: Risk Signal — Density Outlier + Churned
350,France,Female,60,3,0.0,1,0,0,113796.15,1,1,1,1,1,1,-0.586881734686066,18.73025758700614,0,1,1.5089603799838727,1,1,Both families,3.1095040882937757,0,1,4,C: Risk Signal — Disengaged Single-Product Churn
689,Spain,Male,73,1,108555.07,1,0,1,167969.15,0,1,1,1,1,1,-0.5640292088151201,18.65497713619578,0,0,1.1315626751600767,1,1,Both families,3.2494787346370995,0,1,4,B: Rare Valid — Statistically Unusual Pattern
663,France,Male,67,9,0.0,3,1,1,72318.77,0,1,1,0,0,1,-0.6030191077464576,22.415030820266157,0,1,1.4392907542877516,1,1,Both families,2.6773571904292894,0,1,3,B: Rare Valid — Statistically Unusual Pattern
735,France,Male,73,9,0.0,1,1,1,114283.33,0,1,1,1,1,1,-0.5875899098395908,20.84438325919031,0,1,1.2114477942198318,1,1,Both families,3.2494787346370995,0,1,4,B: Rare Valid — Statistically Unusual Pattern
382,Spain,Male,36,0,0.0,1,1,1,179540.73,1,1,1,0,0,1,-0.5938844718692698,15.89626968100753,0,1,1.5989798759049183,1,1,Both families,2.77840726554201,0,1,3,C: Risk Signal — Density Outlier + Churned
461,Germany,Female,74,1,186445.31,2,1,1,196767.83,0,1,1,1,1,1,-0.6555202096521665,31.028346527931866,1,1,1.589202101338356,1,1,Both families,3.344832325338401,0,1,4,B: Rare Valid — Statistically Unusual Pattern
678,Germany,Male,83,6,123356.63,1,0,1,92934.41,0,1,1,1,1,0,-0.5409473413492918,25.206247765023345,1,0,1.1161599230959807,1,1,Both families,4.203014641650117,0,1,3,B: Rare Valid — Statistically Unusual Pattern
668,Spain,Female,69,9,0.0,1,0,1,134483.07,0,1,1,0,0,1,-0.5749259068326892,17.19496213066389,0,0,1.198530145666995,1,1,Both families,2.868064371831893,0,1,3,B: Rare Valid — Statistically Unusual Pattern
780,Germany,Male,71,9,142550.25,2,1,1,122506.78,0,1,1,1,1,1,-0.5859111289250831,21.237671520327773,0,0,1.1675121877430903,1,1,Both families,3.058771553234496,0,1,4,B: Rare Valid — Statistically Unusual Pattern
810,Germany,Male,69,3,27288.43,1,1,1,110509.9,0,1,1,0,0,1,-0.5855684844256399,16.860811424784696,0,1,1.222645842252935,1,1,Both families,2.868064371831893,0,1,3,B: Rare Valid — Statistically Unusual Pattern
737,France,Female,70,9,87542.89,2,1,1,42576.86,0,1,1,0,0,1,-0.5734727664902569,18.2450178723414,0,1,1.2219124263229728,1,1,Both families,2.9634179625331942,0,1,3,B: Rare Valid — Statistically Unusual Pattern
701,Germany,Male,63,3,120916.52,3,0,0,144727.45,1,1,1,0,0,1,-0.5822519070965793,22.28591718681269,0,0,1.0885784495764288,1,1,Both families,2.52705661927622,0,1,3,C: Risk Signal — Density Outlier + Churned
775,Germany,Female,74,0,161371.5,1,1,1,134869.93,0,1,1,1,1,1,-0.6181004310526192,22.00635926386909,0,1,1.2513116582936148,1,1,Both families,3.344832325338401,0,0,3,B: Rare Valid — Statistically Unusual Pattern
624,France,Male,80,3,0.0,1,1,1,65801.44,0,1,1,1,1,1,-0.5676832818092563,25.13751267278571,1,1,1.2218522126743665,1,1,Both families,3.916953869546211,0,1,4,B: Rare Valid — Statistically Unusual Pattern
782,Germany,Female,72,5,148666.99,1,1,0,2605.65,1,1,1,1,1,1,-0.5936416366625253,19.582775907286223,0,0,1.1705143512116212,1,1,Both families,3.1541251439357976,1,0,3,C: Risk Signal — High-Balance Pre-Churn
719,Germany,Female,76,10,95052.29,1,1,0,176244.87,0,1,1,1,1,1,-0.5941325910316525,23.219857252484513,1,1,1.2526749197441025,1,1,Both families,3.5355395067410043,0,1,4,B: Rare Valid — Statistically Unusual Pattern
350,France,Female,40,0,111098.85,1,1,1,172321.21,1,1,1,1,1,1,-0.5756593072907877,14.638256184528831,0,1,1.5371909761620146,1,1,Both families,3.1095040882937757,0,1,4,C: Risk Signal — Density Outlier + Churned
850,Spain,Male,71,10,69608.14,1,1,0,97893.4,1,1,1,1,1,1,-0.6136724362278327,21.154182696985785,0,1,1.2357577230849515,1,1,Both families,3.058771553234496,0,1,4,C: Risk Signal — Disengaged Single-Product Churn
649,Germany,Male,78,4,68345.86,2,1,1,142566.75,0,1,1,1,1,1,-0.5623306263730402,22.334087303713293,0,0,1.074484345091237,1,1,Both families,3.7262466881436076,0,0,3,B: Rare Valid — Statistically Unusual Pattern
850,France,Male,68,5,169445.4,1,1,1,186335.07,0,1,1,0,0,1,-0.6197983605704164,19.28715867990524,0,1,1.30435446465187,1,1,Both families,2.772710781130591,0,1,3,B: Rare Valid — Statistically Unusual Pattern
667,Germany,Male,70,3,77356.92,2,1,1,20881.96,0,1,1,0,0,1,-0.566268624330817,16.61260942034008,0,0,1.1199910729304328,1,1,Both families,2.9634179625331942,0,1,3,B: Rare Valid — Statistically Unusual Pattern
659,Spain,Male,78,2,151675.65,1,0,1,49978.67,0,1,1,1,1,1,-0.5690294960750918,22.01899404563608,0,0,1.2071682106123602,1,1,Both families,3.7262466881436076,0,1,4,B: Rare Valid — Statistically Unusual Pattern
610,Germany,Female,69,5,86038.21,3,0,0,192743.06,1,1,1,0,0,1,-0.6091693609118155,26.417864592532887,1,1,1.2451735832323472,1,1,Both families,2.868064371831893,0,1,3,C: Risk Signal — Density Outlier + Churned
521,France,Female,77,6,0.0,2,1,1,49054.1,0,1,1,1,1,1,-0.5797650534995563,23.783258396715606,1,1,1.2785332386368755,1,1,Both families,3.630893097442306,0,1,4,B: Rare Valid — Statistically Unusual Pattern
609,France,Male,77,1,0.0,1,0,1,18708.76,0,1,1,1,1,1,-0.6001191401412563,25.07201577603528,1,1,1.252311774986647,1,1,Both families,3.630893097442306,0,1,4,B: Rare Valid — Statistically Unusual Pattern
